Name,DateTime
Amitabh Bachchan,2024-07-09 18:12:10
Amitabh Bachchan,2024-07-09 18:12:25
Hrithik Roshon,2024-07-09 18:12:37
Hrithik Roshon,2024-07-09 18:12:37
Hrithik Roshon,2024-07-09 18:12:38
Hrithik Roshon,2024-07-09 18:12:38
Hrithik Roshon,2024-07-09 18:12:39
Hrithik Roshon,2024-07-09 18:12:39
Hrithik Roshon,2024-07-09 18:12:40
Hrithik Roshon,2024-07-09 18:12:41
Hrithik Roshon,2024-07-09 18:12:41
Hrithik Roshon,2024-07-09 18:12:42
Hrithik Roshon,2024-07-09 18:12:42
Hrithik Roshon,2024-07-09 18:12:43
Hrithik Roshon,2024-07-09 18:12:43
Hrithik Roshon,2024-07-09 18:12:44
Hrithik Roshon,2024-07-09 18:12:44
Hrithik Roshon,2024-07-09 18:12:45
Amitabh Bachchan,2024-07-09 18:13:02
Hrithik Roshon,2024-07-09 18:13:02
Amitabh Bachchan,2024-07-09 18:13:05
Amitabh Bachchan,2024-07-09 18:13:10
Hrithik Roshon,2024-07-09 18:13:22
Hrithik Roshon,2024-07-09 18:13:26
Hrithik Roshon,2024-07-09 18:13:26
Hrithik Roshon,2024-07-09 18:13:27
Hrithik Roshon,2024-07-09 18:13:28
Hrithik Roshon,2024-07-09 18:13:28
Hrithik Roshon,2024-07-09 18:13:30
Hrithik Roshon,2024-07-09 18:13:31
Hrithik Roshon,2024-07-09 18:13:31
Hrithik Roshon,2024-07-09 18:13:32
Hrithik Roshon,2024-07-09 18:13:32
Hrithik Roshon,2024-07-09 18:13:33
Hrithik Roshon,2024-07-09 18:13:33
Hrithik Roshon,2024-07-09 18:13:34
Hrithik Roshon,2024-07-09 18:13:34
Hrithik Roshon,2024-07-09 18:13:35
Hrithik Roshon,2024-07-09 18:13:35
Hrithik Roshon,2024-07-09 18:13:36
Amitabh Bachchan,2024-07-09 18:13:47
Amitabh Bachchan,2024-07-09 18:13:47
Hrithik Roshon,2024-07-09 18:13:48
Hrithik Roshon,2024-07-09 18:13:49
Hrithik Roshon,2024-07-09 18:13:49
Hrithik Roshon,2024-07-09 18:13:50
Hrithik Roshon,2024-07-09 18:13:52
Hrithik Roshon,2024-07-09 18:13:52
Hrithik Roshon,2024-07-09 18:13:53
Hrithik Roshon,2024-07-09 18:13:53
Hrithik Roshon,2024-07-09 18:13:54
Hrithik Roshon,2024-07-09 18:13:54
Hrithik Roshon,2024-07-09 18:13:55
Hrithik Roshon,2024-07-09 18:13:55
Hrithik Roshon,2024-07-09 18:13:56
Hrithik Roshon,2024-07-09 18:13:56
Hrithik Roshon,2024-07-09 18:13:57
Hrithik Roshon,2024-07-09 18:13:57
Hrithik Roshon,2024-07-09 18:13:58
Hrithik Roshon,2024-07-09 18:13:59
Hrithik Roshon,2024-07-09 18:13:59
Hrithik Roshon,2024-07-09 18:14:00
Hrithik Roshon,2024-07-09 18:14:00
Hrithik Roshon,2024-07-09 18:14:01
Hrithik Roshon,2024-07-09 18:14:01
Hrithik Roshon,2024-07-09 18:14:02
Hrithik Roshon,2024-07-09 18:14:02
Hrithik Roshon,2024-07-09 18:14:03
Hrithik Roshon,2024-07-09 18:14:04
Hrithik Roshon,2024-07-09 18:14:12
Amitabh Bachchan,2024-07-09 18:14:59
Hrithik Roshon,2024-07-09 18:15:08
Amitabh Bachchan,2024-07-09 18:15:09
Amitabh Bachchan,2024-07-09 18:15:10
Amitabh Bachchan,2024-07-09 18:15:11
Amitabh Bachchan,2024-07-09 18:15:12
Amitabh Bachchan,2024-07-09 18:15:13
Amitabh Bachchan,2024-07-09 18:15:14
Amitabh Bachchan,2024-07-09 18:15:23
Amitabh Bachchan,2024-07-09 18:15:24
Amitabh Bachchan,2024-07-09 18:15:25
Amitabh Bachchan,2024-07-09 18:15:26
Hrithik Roshon,2024-07-09 18:15:43
Hrithik Roshon,2024-07-09 18:15:44
Hrithik Roshon,2024-07-09 18:15:45
Hrithik Roshon,2024-07-09 18:15:46
Hrithik Roshon,2024-07-09 18:15:47
Amitabh Bachchan,2024-07-09 18:16:07
Hrithik Roshon,2024-07-09 18:16:10
Amitabh Bachchan,2024-07-09 18:16:17
Hrithik Roshon,2024-07-09 18:16:18
Amitabh Bachchan,2024-07-09 18:16:19
Hrithik Roshon,2024-07-09 18:26:27
Hrithik Roshon,2024-07-09 18:26:27
Hrithik Roshon,2024-07-09 18:26:29
Hrithik Roshon,2024-07-09 18:26:31
Amitabh Bachchan,2024-07-09 18:26:32
Hrithik Roshon,2024-07-09 18:26:33
Hrithik Roshon,2024-07-09 18:26:33
Hrithik Roshon,2024-07-09 18:26:34
Hrithik Roshon,2024-07-09 18:26:34
Amitabh Bachchan,2024-07-09 18:26:57
Amitabh Bachchan,2024-07-09 18:26:58
Amitabh Bachchan,2024-07-09 18:26:58
Amitabh Bachchan,2024-07-09 18:26:59
Amitabh Bachchan,2024-07-09 18:26:59
Amitabh Bachchan,2024-07-09 18:27:00
Amitabh Bachchan,2024-07-09 18:27:39
Amitabh Bachchan,2024-07-09 18:27:40
Amitabh Bachchan,2024-07-09 18:27:41
Amitabh Bachchan,2024-07-09 18:27:42
Amitabh Bachchan,2024-07-09 18:29:05
Amitabh Bachchan,2024-07-09 18:29:06
Amitabh Bachchan,2024-07-09 18:29:15
Hrithik Roshon,2024-07-09 18:31:44
Hrithik Roshon,2024-07-09 18:31:46
Amitabh Bachchan,2024-07-09 18:31:55
Amitabh Bachchan,2024-07-09 18:31:56
Hrithik Roshon,2024-07-09 18:32:35
